<?xml version="1.0" encoding="UTF-8"?>
<project-private xmlns="http://www.netbeans.org/ns/project-private/1">
    <editor-bookmarks xmlns="http://www.netbeans.org/ns/editor-bookmarks/2" lastBookmarkId="0"/>
    <open-files xmlns="http://www.netbeans.org/ns/projectui-open-files/2">
        <group>
            <file>file:/D:/Wamp/www/infypos/routes/web.php</file>
            <file>file:/D:/Wamp/www/infypos/routes/api.php</file>
            <file>file:/D:/Wamp/www/infypos/routes/upgrade.php</file>
            <file>file:/D:/Wamp/www/infypos/.env</file>
            <file>file:/D:/Wamp/www/infypos/app/Providers/AppServiceProvider.php</file>
            <file>file:/D:/Wamp/www/infypos/routes/console.php</file>
            <file>file:/D:/Wamp/www/infypos/routes/channels.php</file>
            <file>file:/D:/Wamp/www/infypos/composer.json</file>
        </group>
    </open-files>
</project-private>
